rho,sigma_a,basis,correction,psnr_mean,psnr_std,rel_mse_mean,rel_mse_std,num_frames,reference_frames,total_physical_frames
3.0,0.05,hadamard_paired,oracle,120.0,0.0,7.197102141410576e-13,1.2124973852861998e-13,2048,0,2048
3.0,0.05,srht_paired,oracle,120.0,0.0,6.401646401356214e-13,8.207879461026923e-14,2048,0,2048
3.0,0.05,dct_paired,oracle,104.8384685846681,1.428333826971929,6.214961447982162e-10,6.035814626090777e-11,2048,0,2048
3.0,0.05,fourier_fourstep,oracle,22.431459648018315,1.967360298801913,0.10775259462922997,0.0028788965785033773,2048,0,2048
3.0,0.05,srht_paired,reference_k2,19.91090092111558,2.348155308695372,0.19373853374669264,0.02346943098841891,2048,1025,3073
3.0,0.05,hadamard_paired,reference_k2,19.869707347024242,2.3351576120144633,0.195466605414591,0.022557519795559377,2048,1025,3073
3.0,0.05,srht_paired,pairwise,18.947029041843326,2.321655137331858,0.24162634690347065,0.02689276664433979,2048,0,2048
3.0,0.05,srht_paired,reference_k8,18.929208661719503,2.321779489439991,0.24261197463166173,0.026910022147462014,2048,257,2305
3.0,0.05,srht_paired,agc,18.914685014569645,2.318557075091265,0.2434133113701392,0.026898390633815245,2048,0,2048
3.0,0.05,srht_paired,scgi_proxy,18.914102322880165,2.3217549474201253,0.24346363487256326,0.0270820136469925,2048,0,2048
3.0,0.05,srht_paired,none,18.913361003286283,2.3212788135730302,0.24350348878845085,0.02707130532881873,2048,0,2048
3.0,0.05,srht_paired,reference_k32,18.89232968037677,2.321081547490607,0.24467774690718175,0.027116037892143983,2048,65,2113
3.0,0.05,hadamard_paired,pairwise,18.84257274315876,2.3206463275366334,0.24752409394414593,0.02762411759087015,2048,0,2048
3.0,0.05,hadamard_paired,reference_k8,18.842512366141907,2.304794301123029,0.24744741886947813,0.026816759437995934,2048,257,2305
3.0,0.05,hadamard_paired,reference_k32,18.813285377002998,2.304488021484011,0.24911049770109167,0.0269120483966001,2048,65,2113
3.0,0.05,hadamard_paired,scgi_proxy,18.805176756072008,2.3159875746964746,0.249628173605542,0.027482368151428002,2048,0,2048
3.0,0.05,hadamard_paired,none,18.795074112690568,2.317073956480699,0.2502098980770712,0.027551647027661306,2048,0,2048
3.0,0.05,fourier_fourstep,reference_k2,18.319204150287607,2.01460379341631,0.27805315285285276,0.015415291527602114,2048,1025,3073
3.0,0.05,hadamard_paired,agc,17.90440530993546,2.3580603354613134,0.30742899137593876,0.03639155807729655,2048,0,2048
3.0,0.05,random_uniform,oracle,17.667615741028683,1.8096246672570635,0.32261947064002605,0.003095962296400583,2048,0,2048
3.0,0.05,dct_paired,reference_k2,17.617299512890323,2.262815263551525,0.3277807372272527,0.032092325684126455,2048,1025,3073
3.0,0.05,random_binary,oracle,17.340369656261895,1.8604922370253334,0.3478548475171455,0.0007360937994480096,2048,0,2048
3.0,0.05,fourier_fourstep,reference_k32,17.31051374163389,2.0230203344050355,0.35115129288772706,0.026202654134481692,2048,65,2113
3.0,0.05,fourier_fourstep,none,17.290286903861247,2.01494043602698,0.35263687396075055,0.023963506247570092,2048,0,2048
3.0,0.05,fourier_fourstep,reference_k8,17.28743472379253,2.0235317203114636,0.3528307885656671,0.02324266434362222,2048,257,2305
3.0,0.05,fourier_fourstep,scgi_proxy,17.138898056913625,2.0614235872352284,0.3652323154283781,0.026192502101125364,2048,0,2048
3.0,0.05,dct_paired,pairwise,16.82088474457109,2.2262802787602625,0.3935242089073402,0.03592143111307311,2048,0,2048
3.0,0.05,dct_paired,reference_k8,16.818246085762365,2.236161871180173,0.3937917967058501,0.03629043488347395,2048,257,2305
3.0,0.05,dct_paired,reference_k32,16.811181079278875,2.226920833077839,0.3944863489144232,0.03704460784818759,2048,65,2113
3.0,0.05,dct_paired,scgi_proxy,16.79896172530154,2.2219951647101603,0.39549589695675186,0.035853161334569277,2048,0,2048
3.0,0.05,dct_paired,none,16.791912538455737,2.2214963757035204,0.39612000379932205,0.03572194044505263,2048,0,2048
3.0,0.05,fourier_fourstep,agc,16.613180550378182,2.145737115062683,0.4125585275880561,0.034217088849167035,2048,0,2048
3.0,0.05,srht_paired,scgi_frozen,16.375898432702098,1.9754241900224179,0.4345885113203508,0.01504568955081173,2048,0,2048
3.0,0.05,random_binary,reference_k2,16.3459472120797,1.9856025703211861,0.4376361578226147,0.016319137014948474,2048,1025,3073
3.0,0.05,random_binary,none,16.008212595630198,1.9935942343929682,0.4730879152481407,0.01945943484528431,2048,0,2048
3.0,0.05,random_binary,agc,15.98986562670442,1.9853351460155282,0.4750791753414421,0.01922666447262709,2048,0,2048
3.0,0.05,random_binary,scgi_proxy,15.989241572988941,1.9847977067165534,0.47514520485786066,0.01916436121501707,2048,0,2048
3.0,0.05,dct_paired,agc,15.835358245201686,2.27223516986493,0.49415018518072495,0.04943020305519257,2048,0,2048
3.0,0.05,random_binary,reference_k8,15.68218352288279,2.020281279974869,0.5100901959182059,0.023962083655682247,2048,257,2305
3.0,0.05,random_binary,reference_k32,15.550314613279763,2.0183471123646637,0.52583824569633,0.02547966383857343,2048,65,2113
3.0,0.05,random_uniform,reference_k2,15.51219788563466,2.069284868107757,0.5306724891563078,0.029698922172443555,2048,1025,3073
3.0,0.05,hadamard_paired,scgi_frozen,15.386237901258662,2.2598171540678265,0.5478289716797881,0.052964242577849714,2048,0,2048
3.0,0.05,random_uniform,none,15.110820318256822,2.064515058869343,0.582025402751911,0.0317532013203257,2048,0,2048
3.0,0.05,random_uniform,scgi_proxy,15.094346765529957,2.066234644003628,0.5842433172110518,0.03199863785430948,2048,0,2048
3.0,0.05,random_uniform,agc,15.094196731416778,2.066353819704994,0.5842648270210129,0.03203072181906657,2048,0,2048
3.0,0.05,random_uniform,reference_k8,14.730571172840007,2.048736691835812,0.6351539048173811,0.032169956193812486,2048,257,2305
3.0,0.05,random_uniform,reference_k32,14.49507987895355,2.0359558279634413,0.6704789791522155,0.032233749016193254,2048,65,2113
3.0,0.05,fourier_fourstep,scgi_frozen,13.795748544657007,1.9852501526153021,0.7873552557988418,0.03128061513193795,2048,0,2048
3.0,0.05,dct_paired,scgi_frozen,13.539219234087136,2.0084297246146283,0.8352215965650384,0.03216417789968026,2048,0,2048
3.0,0.05,random_binary,scgi_frozen,12.897341238489307,1.8472262629958087,0.96761028849947,0.001470025614397026,2048,0,2048
3.0,0.05,random_uniform,scgi_frozen,12.823970548596787,1.8325454206504144,0.9841037383060204,0.004331751229109998,2048,0,2048
3.0,0.1,hadamard_paired,oracle,120.0,0.0,7.390289381374764e-13,1.3332677220918004e-13,2048,0,2048
3.0,0.1,srht_paired,oracle,120.0,0.0,6.607362776695128e-13,8.261523720212268e-14,2048,0,2048
3.0,0.1,dct_paired,oracle,104.83540461646028,1.4305707427900236,6.219073601295798e-10,6.008676739164604e-11,2048,0,2048
3.0,0.1,fourier_fourstep,oracle,22.43145972090442,1.9673602606044118,0.10775259279806775,0.0028788955824722608,2048,0,2048
3.0,0.1,random_uniform,oracle,17.667615830281967,1.809624658218195,0.32261946401556696,0.0030959629042396145,2048,0,2048
3.0,0.1,random_binary,oracle,17.340369730494498,1.8604922674349873,0.3478548415760093,0.0007360962222808679,2048,0,2048
3.0,0.1,srht_paired,reference_k2,15.874344262261934,2.1705116007478504,0.4889630094079001,0.039587299311841524,2048,1025,3073
3.0,0.1,hadamard_paired,reference_k2,15.820492279839351,2.156707906508877,0.494822917581506,0.03652968823018797,2048,1025,3073
3.0,0.1,fourier_fourstep,reference_k2,15.407907379282367,1.9647995585004414,0.5433645369312614,0.025742770858774286,2048,1025,3073
3.0,0.1,srht_paired,pairwise,15.32740362284908,2.1300406085714205,0.554113673168374,0.03786818966123246,2048,0,2048
3.0,0.1,srht_paired,reference_k8,15.300286093417316,2.1314420109408356,0.5575686721515707,0.03781392106609581,2048,257,2305
3.0,0.1,srht_paired,agc,15.298717317243211,2.1283415699097823,0.5577713929612359,0.037864466313360975,2048,0,2048
3.0,0.1,srht_paired,scgi_proxy,15.297401490671257,2.1293627159552493,0.5579488289380332,0.0380190169436332,2048,0,2048
3.0,0.1,srht_paired,none,15.29614419513083,2.1289787183688897,0.558110254863766,0.03803181008307281,2048,0,2048
3.0,0.1,srht_paired,reference_k32,15.270730326252556,2.1288093171047997,0.5613830380421818,0.03821265955791218,2048,65,2113
3.0,0.1,hadamard_paired,pairwise,15.210378557201784,2.1207974522358013,0.56917561910295,0.03752728734753918,2048,0,2048
3.0,0.1,hadamard_paired,reference_k8,15.179166463375577,2.1121801214564915,0.5732261008280832,0.036861287742417675,2048,257,2305
3.0,0.1,hadamard_paired,reference_k32,15.166072894633382,2.113573892951045,0.574961303179873,0.037065173666922864,2048,65,2113
3.0,0.1,hadamard_paired,scgi_proxy,15.165339957012964,2.117547436985371,0.5750493334322154,0.036882300519121454,2048,0,2048
3.0,0.1,hadamard_paired,none,15.156760895633633,2.1185484227307816,0.5762032503964847,0.037263042868089874,2048,0,2048
3.0,0.1,random_binary,reference_k2,14.957431099165802,2.0306995900004146,0.6027780051533131,0.02926295365893598,2048,1025,3073
3.0,0.1,hadamard_paired,agc,14.771581763985314,2.130105732951118,0.629717586217467,0.041991110287482376,2048,0,2048
3.0,0.1,fourier_fourstep,reference_k32,14.679819325581132,1.9524733111579475,0.6430064817497907,0.03965755687284114,2048,65,2113
3.0,0.1,fourier_fourstep,none,14.660272486495472,1.9438394291222096,0.6457448357168276,0.03714904951110826,2048,0,2048
3.0,0.1,fourier_fourstep,reference_k8,14.64858148291064,1.9534681929981,0.6473220639175091,0.03361902234277082,2048,257,2305
3.0,0.1,dct_paired,reference_k2,14.543400900722173,2.0631181866462227,0.6631960221668902,0.03510364931838803,2048,1025,3073
3.0,0.1,random_binary,none,14.535222756511137,1.9950097709947505,0.6641470637348776,0.028209910350530137,2048,0,2048
3.0,0.1,random_binary,agc,14.519442195746132,1.9928152403649428,0.6665766027332183,0.028632884785161575,2048,0,2048
3.0,0.1,random_binary,scgi_proxy,14.518490649415972,1.9928171295918855,0.6667281411109306,0.028774365538781342,2048,0,2048
3.0,0.1,srht_paired,scgi_frozen,14.511385856455998,1.9778602344993632,0.6675867584836801,0.022012993811196056,2048,0,2048
3.0,0.1,fourier_fourstep,scgi_proxy,14.510383029146785,1.9526001038406502,0.6682384224674205,0.034622313566409366,2048,0,2048
3.0,0.1,random_binary,reference_k8,14.193685277898302,2.0007604904164626,0.7186191007737384,0.03371220987455873,2048,257,2305
3.0,0.1,dct_paired,pairwise,14.184691738214962,2.024585186578023,0.7200691192981844,0.03305194594695127,2048,0,2048
3.0,0.1,dct_paired,reference_k32,14.180496782321203,2.026496061587058,0.72084371484154,0.03496005988364343,2048,65,2113
3.0,0.1,dct_paired,scgi_proxy,14.168002804414513,2.021659702124253,0.7228210022037546,0.03264414217007938,2048,0,2048
3.0,0.1,dct_paired,reference_k8,14.166334223818506,2.0371815588024336,0.7231218719887812,0.03323343066873155,2048,257,2305
3.0,0.1,dct_paired,none,14.161242555467979,2.0211969051615744,0.7239452871297406,0.03271134371422189,2048,0,2048
3.0,0.1,fourier_fourstep,agc,14.147931436830557,1.9795834561115986,0.7262896093886694,0.03515190686376795,2048,0,2048
3.0,0.1,random_binary,reference_k32,14.07122931438964,1.9678578290182798,0.7388589191395509,0.026506746106296684,2048,65,2113
3.0,0.1,random_uniform,reference_k2,13.952692111395711,2.0189614400592615,0.7596986335162689,0.03715563618242198,2048,1025,3073
3.0,0.1,hadamard_paired,scgi_frozen,13.838842611394677,2.1129716152981826,0.7803831869928449,0.048500108374179236,2048,0,2048
3.0,0.1,dct_paired,agc,13.787741607922488,2.027586204318658,0.7889244430287776,0.0345927626824987,2048,0,2048
3.0,0.1,random_uniform,none,13.699265520800143,1.9836293491912245,0.8050795218952069,0.03276717409562773,2048,0,2048
3.0,0.1,random_uniform,agc,13.696173184697361,1.9839882476633888,0.805648521948217,0.03268753732753129,2048,0,2048
3.0,0.1,random_uniform,scgi_proxy,13.69612495919397,1.9843717462566166,0.8056608095982002,0.032767593778582356,2048,0,2048
3.0,0.1,random_uniform,reference_k8,13.492052352835382,1.957173122252707,0.844211026002123,0.028306736968452574,2048,257,2305
3.0,0.1,random_uniform,reference_k32,13.344004004476727,1.9380936784188454,0.8733541650878829,0.024560270214943822,2048,65,2113
3.0,0.1,fourier_fourstep,scgi_frozen,13.063743827783858,1.8969717904158396,0.9313569135463915,0.01576773950635153,2048,0,2048
3.0,0.1,dct_paired,scgi_frozen,12.978196807687606,1.9044562481444076,0.9498383870990205,0.012773027452801558,2048,0,2048
3.0,0.1,random_binary,scgi_frozen,12.892852975460617,1.8464580912198545,0.9686127589726168,0.0025293374243370377,2048,0,2048
3.0,0.1,random_uniform,scgi_frozen,12.82345293523343,1.8326676500669101,0.9842218545767116,0.004535077933016151,2048,0,2048
3.0,0.15,hadamard_paired,oracle,120.0,0.0,7.338892753394266e-13,1.1879715622585263e-13,2048,0,2048
3.0,0.15,srht_paired,oracle,120.0,0.0,6.6104822616836e-13,9.19589846530805e-14,2048,0,2048
3.0,0.15,dct_paired,oracle,104.83543909273203,1.4286050197862927,6.219265678150756e-10,6.036273719681705e-11,2048,0,2048
3.0,0.15,fourier_fourstep,oracle,22.43145961706744,1.9673602930442535,0.10775259539371576,0.002878896456169677,2048,0,2048
3.0,0.15,random_uniform,oracle,17.667615741745205,1.8096247227671027,0.3226194705511843,0.003095958172279657,2048,0,2048
3.0,0.15,random_binary,oracle,17.340369764743173,1.8604922914925768,0.3478548388364787,0.0007360981434220051,2048,0,2048
3.0,0.15,srht_paired,reference_k2,14.409341669545052,2.050735920657703,0.6839854314672292,0.036281802109038086,2048,1025,3073
3.0,0.15,hadamard_paired,reference_k2,14.35835429454269,2.0393324717256793,0.6918572084319237,0.03199509968969229,2048,1025,3073
3.0,0.15,fourier_fourstep,reference_k2,14.182869545769012,1.9156131420413556,0.720100979722517,0.025421727305892653,2048,1025,3073
3.0,0.15,srht_paired,pairwise,14.112433930833216,2.019495710128175,0.7320785106075951,0.03184762318206988,2048,0,2048
3.0,0.15,random_binary,reference_k2,14.092965687843726,1.994648988045781,0.7353126809067381,0.03024039041269962,2048,1025,3073
3.0,0.15,srht_paired,agc,14.084214750609078,2.0173011567976937,0.736837618502813,0.0316929770610719,2048,0,2048
3.0,0.15,srht_paired,scgi_proxy,14.0831413907014,2.01755365128297,0.7370221098551811,0.03176589680750513,2048,0,2048
3.0,0.15,srht_paired,none,14.08171967128195,2.017256662104068,0.7372642827880057,0.031802256539853524,2048,0,2048
3.0,0.15,srht_paired,reference_k8,14.079432646378603,2.0195513682667747,0.7376281759969927,0.031170093721686193,2048,257,2305
3.0,0.15,srht_paired,reference_k32,14.054605273498348,2.016456899291357,0.7418793335851456,0.03195300555120669,2048,65,2113
3.0,0.15,hadamard_paired,pairwise,14.011156067207475,2.007998194143595,0.7492530525173492,0.029834787843763016,2048,0,2048
3.0,0.15,hadamard_paired,scgi_proxy,13.964157103089914,2.005310925599242,0.7573510909780986,0.028598206733686796,2048,0,2048
3.0,0.15,hadamard_paired,reference_k8,13.963481902285142,2.0030789039528543,0.7574987120384808,0.029463908063144376,2048,257,2305
3.0,0.15,hadamard_paired,none,13.958220366569055,2.0059679418418894,0.7584101340108077,0.029323054812079898,2048,0,2048
3.0,0.15,hadamard_paired,reference_k32,13.956963891271082,2.0054905740848317,0.7586457555362743,0.02980516344821144,2048,65,2113
3.0,0.15,random_binary,none,13.773646422271025,1.9467894892359046,0.7911964487264137,0.02620691252943273,2048,0,2048
3.0,0.15,random_binary,agc,13.761736188241988,1.9462890347462356,0.7933804081678615,0.02666671159820147,2048,0,2048
3.0,0.15,random_binary,scgi_proxy,13.76080830131348,1.946160294257911,0.7935574727668335,0.02691755715804021,2048,0,2048
3.0,0.15,hadamard_paired,agc,13.755934027681207,2.0073780984345246,0.7945566118341598,0.030289992323931012,2048,0,2048
3.0,0.15,fourier_fourstep,reference_k32,13.747891889457502,1.9075758122976922,0.7963754899982466,0.03869037492592227,2048,65,2113
3.0,0.15,fourier_fourstep,none,13.738896925060018,1.8988010623217293,0.7978886669193311,0.035906929162746244,2048,0,2048
3.0,0.15,srht_paired,scgi_frozen,13.723023035057176,1.9415993215962004,0.800302005532135,0.02000467043226855,2048,0,2048
3.0,0.15,fourier_fourstep,reference_k8,13.718458871367222,1.9093545077112508,0.8015019695062773,0.03182750605159408,2048,257,2305
3.0,0.15,fourier_fourstep,scgi_proxy,13.645736669505913,1.9004484131255273,0.8149890387961397,0.031218534493365077,2048,0,2048
3.0,0.15,dct_paired,reference_k2,13.626079046920527,1.969784470836629,0.8185210007708283,0.026380162398351607,2048,1025,3073
3.0,0.15,random_binary,reference_k8,13.532564753000605,1.946192274510187,0.8364146575008746,0.029430300911759365,2048,257,2305
3.0,0.15,dct_paired,pairwise,13.452287467264565,1.9426603303181087,0.8518176965424985,0.022969991486426658,2048,0,2048
3.0,0.15,random_binary,reference_k32,13.45191292069764,1.9125229994711088,0.8518332746113965,0.020321112833290075,2048,65,2113
3.0,0.15,dct_paired,reference_k32,13.44779034848458,1.9444493476601972,0.8527388320443425,0.02453081179540363,2048,65,2113
3.0,0.15,fourier_fourstep,agc,13.44289338429715,1.9137192262631615,0.8538078363832323,0.02806446246068266,2048,0,2048
3.0,0.15,dct_paired,scgi_proxy,13.43836040219565,1.9406135525650157,0.8545339782634798,0.022182444044369837,2048,0,2048
3.0,0.15,dct_paired,none,13.432799622093054,1.9400911675029298,0.8556319795492833,0.02238186072917507,2048,0,2048
3.0,0.15,dct_paired,reference_k8,13.429509160049424,1.9539186488585032,0.8562788280376801,0.02230007163534258,2048,257,2305
3.0,0.15,random_uniform,reference_k2,13.360440247810994,1.9553463970629728,0.8702517067705798,0.03105567055741948,2048,1025,3073
3.0,0.15,hadamard_paired,scgi_frozen,13.289573711035416,2.0010454620347997,0.8845625348902448,0.03170322541741496,2048,0,2048
3.0,0.15,dct_paired,agc,13.24864525414012,1.9398886599868952,0.8926387099305527,0.020811030962589173,2048,0,2048
3.0,0.15,random_uniform,agc,13.230058936018864,1.9272075163797031,0.8965934420051317,0.02598363589182176,2048,0,2048
3.0,0.15,random_uniform,scgi_proxy,13.229994337436676,1.927895862457997,0.8966119292202489,0.02616777958472758,2048,0,2048
3.0,0.15,random_uniform,none,13.229074987677546,1.9270862544511658,0.8968022856587528,0.026195782446542533,2048,0,2048
3.0,0.15,random_uniform,reference_k8,13.120808958220774,1.9098271777482398,0.9193005327285378,0.02111688545635525,2048,257,2305
3.0,0.15,random_uniform,reference_k32,13.028194777080369,1.8958856117044294,0.9390436961041754,0.017823735305477716,2048,65,2113
3.0,0.15,fourier_fourstep,scgi_frozen,12.898479854011663,1.8724214521780917,0.9673976517088331,0.00948437818445676,2048,0,2048
3.0,0.15,random_binary,scgi_frozen,12.886099323085201,1.8458312602565847,0.9701230520176152,0.003542557400247034,2048,0,2048
3.0,0.15,dct_paired,scgi_frozen,12.855650069364211,1.876519768107749,0.9769626874627975,0.006574524430454392,2048,0,2048
3.0,0.15,random_uniform,scgi_frozen,12.821685845937486,1.8332789756474097,0.9846232634707945,0.004740863937739659,2048,0,2048
3.0,0.3,hadamard_paired,oracle,120.0,0.0,7.366102966351323e-13,9.906222815024344e-14,2048,0,2048
3.0,0.3,srht_paired,oracle,120.0,0.0,6.674497161487121e-13,6.843406596118444e-14,2048,0,2048
3.0,0.3,dct_paired,oracle,104.83971210836285,1.4275187734122565,6.213284599454544e-10,6.045771883123198e-11,2048,0,2048
3.0,0.3,fourier_fourstep,oracle,22.43145968472457,1.9673602439570665,0.10775259368579249,0.0028788951934210056,2048,0,2048
3.0,0.3,random_uniform,oracle,17.667615807020432,1.80962467009919,0.3226194657359478,0.0030959620382224945,2048,0,2048
3.0,0.3,random_binary,oracle,17.340369661998512,1.860492140341582,0.3478548470429138,0.0007360860543122523,2048,0,2048
3.0,0.3,srht_paired,reference_k2,13.198049760595518,1.914318918470947,0.9030434004706503,0.018246427595699014,2048,1025,3073
3.0,0.3,hadamard_paired,reference_k2,13.16575016929705,1.9091556994742858,0.9097134268487741,0.013871910922622637,2048,1025,3073
3.0,0.3,srht_paired,pairwise,13.158580495909368,1.9071093902029148,0.9112539723082882,0.01642544337883996,2048,0,2048
3.0,0.3,random_binary,reference_k2,13.155680428299362,1.9009110097227069,0.9119024088796117,0.018680199227431242,2048,1025,3073
3.0,0.3,fourier_fourstep,reference_k2,13.136210527759578,1.8629419359051969,0.9159585057165188,0.016420392450263607,2048,1025,3073
3.0,0.3,srht_paired,agc,13.129303079683377,1.902900734920534,0.917405754713928,0.01576318774120897,2048,0,2048
3.0,0.3,srht_paired,scgi_proxy,13.128812536375202,1.9026314531258428,0.9175097720162757,0.01579021106165156,2048,0,2048
3.0,0.3,srht_paired,none,13.12736760996378,1.9024521430946166,0.9178157378331621,0.0158383299978522,2048,0,2048
3.0,0.3,srht_paired,reference_k8,13.118792104384715,1.9034678115397483,0.9196025853108194,0.014013923067437335,2048,257,2305
3.0,0.3,srht_paired,reference_k32,13.100195554521118,1.9006921393505165,0.9235729822712477,0.015737385977858225,2048,65,2113
3.0,0.3,hadamard_paired,pairwise,13.098615740623762,1.898449948984277,0.923872216804558,0.013098206590372226,2048,0,2048
3.0,0.3,random_binary,none,13.055352186739338,1.8753029846344274,0.9331601836060915,0.015967400947194774,2048,0,2048
3.0,0.3,hadamard_paired,scgi_proxy,13.054049323131915,1.896225703527761,0.9333730959004193,0.010775914801803474,2048,0,2048
3.0,0.3,hadamard_paired,none,13.05246345671143,1.8962198031819901,0.9337267866839385,0.011949883878886357,2048,0,2048
3.0,0.3,random_binary,agc,13.050420405919988,1.8758248979033263,0.9342183657697977,0.01585138910911866,2048,0,2048
3.0,0.3,random_binary,scgi_proxy,13.049695585498217,1.8754587326596466,0.9343795113434903,0.01619396721125807,2048,0,2048
3.0,0.3,srht_paired,scgi_frozen,13.043587195167792,1.8860331148794365,0.9356473345801456,0.012805511221037486,2048,0,2048
3.0,0.3,hadamard_paired,reference_k8,13.039795763650748,1.8966157291800743,0.9364614658929572,0.012572561242401654,2048,257,2305
3.0,0.3,hadamard_paired,reference_k32,13.037304003450492,1.8996418215484157,0.9370067459767348,0.013228194161542103,2048,65,2113
3.0,0.3,fourier_fourstep,none,13.03004935960728,1.86019870481915,0.9387416141515462,0.022933458474830425,2048,0,2048
3.0,0.3,fourier_fourstep,reference_k32,13.022842083840766,1.8697433548210867,0.9404159435588388,0.0274362265310743,2048,65,2113
3.0,0.3,fourier_fourstep,reference_k8,13.003573609438623,1.8706172115009743,0.9444373209651287,0.020793121614020502,2048,257,2305
3.0,0.3,hadamard_paired,agc,13.003113940614707,1.89463390648611,0.9443797979843567,0.010448468869502276,2048,0,2048
3.0,0.3,fourier_fourstep,scgi_proxy,12.998505586718887,1.8601499156432464,0.9455141694977257,0.019579894661494318,2048,0,2048
3.0,0.3,dct_paired,reference_k2,12.970214567778712,1.8887765362150046,0.9515927613045866,0.013306097138951506,2048,1025,3073
3.0,0.3,random_binary,reference_k8,12.965648722936109,1.8765028798355015,0.9526133576407989,0.014817408070658594,2048,257,2305
3.0,0.3,fourier_fourstep,agc,12.946069505295185,1.8646534103001908,0.9569427846027452,0.016509304314651314,2048,0,2048
3.0,0.3,dct_paired,pairwise,12.94328739497062,1.8769336869433888,0.9574766312706717,0.010349462135402526,2048,0,2048
3.0,0.3,random_binary,reference_k32,12.9415468629474,1.8578386400803149,0.957859330093453,0.010216167714175673,2048,65,2113
3.0,0.3,dct_paired,reference_k32,12.936841635569277,1.8783090917390601,0.9589040758025117,0.010883789590886227,2048,65,2113
3.0,0.3,dct_paired,scgi_proxy,12.932561194019915,1.8757880466440082,0.9598302715173453,0.00880002432017468,2048,0,2048
3.0,0.3,dct_paired,none,12.928805646578823,1.8753621065406054,0.9606621856722535,0.00900042240611911,2048,0,2048
3.0,0.3,dct_paired,reference_k8,12.9206631574143,1.884344292799167,0.9624604855615712,0.008460828153261832,2048,257,2305
3.0,0.3,random_uniform,reference_k2,12.903300075923827,1.8870764094031949,0.9664104172882686,0.016440224436112087,2048,1025,3073
3.0,0.3,dct_paired,agc,12.884988046445438,1.874510561179144,0.9703896222643685,0.007215951149204634,2048,0,2048
3.0,0.3,random_uniform,scgi_proxy,12.884754587420499,1.8769810094221022,0.9705169316445493,0.014557240802539971,2048,0,2048
3.0,0.3,random_uniform,agc,12.884488095276264,1.8757410255614113,0.9705714121495206,0.0141880272123934,2048,0,2048
3.0,0.3,random_uniform,none,12.882381143264226,1.876174744110823,0.9710463934840604,0.014489108475057062,2048,0,2048
3.0,0.3,hadamard_paired,scgi_frozen,12.879770712697702,1.8932721606191971,0.9715777488881174,0.009940838137522548,2048,0,2048
3.0,0.3,random_binary,scgi_frozen,12.857928266623983,1.8449738919973022,0.9764449512829085,0.0056047239174189245,2048,0,2048
3.0,0.3,random_uniform,reference_k8,12.854756091973732,1.8703965971387193,0.9771992892055751,0.010923902071759493,2048,257,2305
3.0,0.3,random_uniform,reference_k32,12.819613408378729,1.8649035034283745,0.9851225705597223,0.009283774167238416,2048,65,2113
3.0,0.3,random_uniform,scgi_frozen,12.811153144637178,1.8372776362308583,0.9870156164273034,0.005089939813161935,2048,0,2048
3.0,0.3,fourier_fourstep,scgi_frozen,12.792666381108873,1.856653187787924,0.9912217680406321,0.004080682981053385,2048,0,2048
3.0,0.3,dct_paired,scgi_frozen,12.778968496893908,1.8578497246105081,0.99434763734103,0.0021874161317826817,2048,0,2048
3.0,0.5,hadamard_paired,oracle,120.0,0.0,7.522498258595245e-13,1.0251965793166114e-13,2048,0,2048
3.0,0.5,srht_paired,oracle,120.0,0.0,6.656595511971089e-13,6.452575964129926e-14,2048,0,2048
3.0,0.5,dct_paired,oracle,104.83713496245487,1.4300738825668413,6.216656614742418e-10,6.013155323772331e-11,2048,0,2048
3.0,0.5,fourier_fourstep,oracle,22.431459756438745,1.967360365814642,0.10775259197919629,0.0028788981692956634,2048,0,2048
3.0,0.5,random_uniform,oracle,17.667615704943355,1.8096245840092682,0.322619473374067,0.003095968506270733,2048,0,2048
3.0,0.5,random_binary,oracle,17.34036963809768,1.860492189735725,0.34785484896482266,0.0007360900147846763,2048,0,2048
3.0,0.5,srht_paired,pairwise,12.915649647621612,1.8739752983136586,0.9635809410836336,0.009502351582541245,2048,0,2048
3.0,0.5,srht_paired,reference_k2,12.888007747106695,1.8715487869458243,0.9697279030754216,0.008918649010176484,2048,1025,3073
3.0,0.5,srht_paired,agc,12.886135018414942,1.8684344666436115,0.9701421516908775,0.008414685425795494,2048,0,2048
3.0,0.5,srht_paired,scgi_proxy,12.885544570847026,1.867873683120449,0.970274255784507,0.008440026402601941,2048,0,2048
3.0,0.5,srht_paired,none,12.884194081808687,1.8676728411719927,0.9705762789481607,0.008474254647636762,2048,0,2048
3.0,0.5,hadamard_paired,pairwise,12.880230734419982,1.8686664957668135,0.9714510534439922,0.006888870484648128,2048,0,2048
3.0,0.5,random_binary,reference_k2,12.878237282892243,1.8633891980098152,0.9719181272979821,0.009650603892654602,2048,1025,3073
3.0,0.5,srht_paired,reference_k8,12.874721322225929,1.8684094667579136,0.972681334852127,0.006438631621832194,2048,257,2305
3.0,0.5,fourier_fourstep,reference_k2,12.872346411393005,1.8513211053885317,0.9732372500286136,0.009661950078906183,2048,1025,3073
3.0,0.5,hadamard_paired,reference_k2,12.870639095493354,1.869528502044303,0.9735899556876557,0.005321165646952154,2048,1025,3073
3.0,0.5,srht_paired,reference_k32,12.860915354773692,1.8660931581973392,0.975791127475075,0.008319699898987702,2048,65,2113
3.0,0.5,random_binary,none,12.860170702180863,1.8545537203895492,0.975965541804805,0.009213525328931002,2048,0,2048
3.0,0.5,srht_paired,scgi_frozen,12.858992987049632,1.8640562247403538,0.9762244150749628,0.008478855361683411,2048,0,2048
3.0,0.5,random_binary,agc,12.858151801801222,1.855180513646625,0.9764166264632573,0.008889900178883164,2048,0,2048
3.0,0.5,random_binary,scgi_proxy,12.857594622510394,1.854910675002437,0.9765442012552696,0.009168405783567639,2048,0,2048
3.0,0.5,fourier_fourstep,none,12.857577276546214,1.853412963876219,0.9766012478661688,0.014100552562085245,2048,0,2048
3.0,0.5,fourier_fourstep,reference_k32,12.84803991882257,1.8639855058337174,0.9788405727936663,0.019815553245151597,2048,65,2113
3.0,0.5,fourier_fourstep,scgi_proxy,12.843559456073223,1.8533169177636486,0.9797407185683662,0.012685600816670878,2048,0,2048
3.0,0.5,hadamard_paired,none,12.841370910859235,1.8662382395811252,0.9801731737868297,0.005314952049343665,2048,0,2048
3.0,0.5,hadamard_paired,scgi_proxy,12.841243239378192,1.8666184398383119,0.9801971389315595,0.004207066622423708,2048,0,2048
3.0,0.5,fourier_fourstep,reference_k8,12.835161142394137,1.8622214416217304,0.9816487499282062,0.013602002443720885,2048,257,2305
3.0,0.5,fourier_fourstep,agc,12.829732944930944,1.8543074625526528,0.9828481285079272,0.011202764064669055,2048,0,2048
3.0,0.5,hadamard_paired,agc,12.829254026155386,1.865546183522833,0.982905036740678,0.003727186268801828,2048,0,2048
3.0,0.5,hadamard_paired,reference_k8,12.82715627153309,1.866877251017733,0.983388455843726,0.0056952364342418155,2048,257,2305
3.0,0.5,hadamard_paired,reference_k32,12.826329855884257,1.8693203921114034,0.9835821075406617,0.006830778285767328,2048,65,2113
3.0,0.5,dct_paired,pairwise,12.825712128585058,1.860750925397187,0.9837163237174831,0.005863753576030468,2048,0,2048
3.0,0.5,dct_paired,reference_k2,12.82206188717104,1.8678552093841037,0.9845581023098999,0.0081283049311004,2048,1025,3073
3.0,0.5,random_binary,reference_k8,12.821247348530576,1.855947573569706,0.9847334766190515,0.006793169712377711,2048,257,2305
3.0,0.5,dct_paired,reference_k32,12.820492097541626,1.862406579182594,0.9849061091646234,0.006996237462362749,2048,65,2113
3.0,0.5,random_binary,scgi_frozen,12.819508658931804,1.8455920734627516,0.9851222670676882,0.0058320861003736445,2048,0,2048
3.0,0.5,dct_paired,scgi_proxy,12.816833992128085,1.8596871592121382,0.9857204851144182,0.0038823347991726654,2048,0,2048
3.0,0.5,random_binary,reference_k32,12.815253132559898,1.8462950070028845,0.9860864840545848,0.005538543746683273,2048,65,2113
3.0,0.5,dct_paired,none,12.81370497610553,1.859565950017586,0.9864315311265986,0.004050364602761711,2048,0,2048
3.0,0.5,dct_paired,reference_k8,12.807656973959032,1.8653505586185513,0.987806705579227,0.004190303251100006,2048,257,2305
3.0,0.5,dct_paired,agc,12.80268686380715,1.8591891008851422,0.9889348253261859,0.003323552635809194,2048,0,2048
3.0,0.5,random_uniform,scgi_proxy,12.802063608634185,1.8638406014615285,0.989103808920512,0.00837201068045722,2048,0,2048
3.0,0.5,random_uniform,agc,12.801236293641626,1.862169439329212,0.9892881697795873,0.007828413368489587,2048,0,2048
3.0,0.5,random_uniform,none,12.800321380702309,1.863204319966211,0.98949974019161,0.008252208391859984,2048,0,2048
3.0,0.5,random_uniform,reference_k2,12.79818242421618,1.8669114917241068,0.9899875703221739,0.00829447105261637,2048,1025,3073
3.0,0.5,random_uniform,scgi_frozen,12.793815176194732,1.8441821195716972,0.9909619226009362,0.004670201362343027,2048,0,2048
3.0,0.5,random_uniform,reference_k8,12.790513463482004,1.8602895261776033,0.9917240283075358,0.006340041606818775,2048,257,2305
3.0,0.5,hadamard_paired,scgi_frozen,12.787887207122427,1.864627899182086,0.9923115080798974,0.003616222002595117,2048,0,2048
3.0,0.5,random_uniform,reference_k32,12.776387130938762,1.8588377495948336,0.9949501887940299,0.005453911226564377,2048,65,2113
3.0,0.5,fourier_fourstep,scgi_frozen,12.769012307107419,1.853472598259336,0.9966300752909365,0.002329347340407194,2048,0,2048
3.0,0.5,dct_paired,scgi_frozen,12.762430173708111,1.853666854643139,0.9981397907575154,0.0010969067134921696,2048,0,2048
10.0,0.05,hadamard_paired,oracle,120.0,0.0,7.054837847000512e-13,1.2024671441507974e-13,2048,0,2048
10.0,0.05,srht_paired,oracle,120.0,0.0,6.529566964587468e-13,9.099658899163331e-14,2048,0,2048
10.0,0.05,dct_paired,oracle,104.83888681894882,1.4292437894081442,6.214249407845818e-10,6.022217889768671e-11,2048,0,2048
10.0,0.05,fourier_fourstep,oracle,22.43145970156404,1.9673602741953606,0.1077525932860293,0.0028788959324963764,2048,0,2048
10.0,0.05,srht_paired,reference_k2,19.677556452996825,2.3415069680795075,0.20439468237471728,0.024420785627193617,2048,1025,3073
10.0,0.05,hadamard_paired,reference_k2,19.633880879999328,2.3293610211344657,0.20634661720377706,0.023554806365434867,2048,1025,3073
10.0,0.05,srht_paired,pairwise,18.783878947020924,2.315848139297697,0.2508416680361674,0.027568141968567023,2048,0,2048
10.0,0.05,srht_paired,reference_k8,18.763925610959575,2.315740449127397,0.25198682157745045,0.02757760438217162,2048,257,2305
10.0,0.05,srht_paired,agc,18.752995007317473,2.3130976483256775,0.252614099856103,0.027583064953577215,2048,0,2048
10.0,0.05,srht_paired,scgi_proxy,18.752367726536452,2.316126660136999,0.25266763854282764,0.02776302817090769,2048,0,2048
10.0,0.05,srht_paired,none,18.751757076115574,2.3157220978728925,0.2527017409527197,0.027754218681165434,2048,0,2048
10.0,0.05,srht_paired,reference_k32,18.73143801862077,2.3157487616919084,0.25387983865508396,0.02780408452831577,2048,65,2113
10.0,0.05,hadamard_paired,pairwise,18.67880443756149,2.315948382677669,0.2570156897563072,0.028477963464151615,2048,0,2048
10.0,0.05,hadamard_paired,reference_k8,18.676095680518696,2.300163706325773,0.2570944354520215,0.02766761807959187,2048,257,2305
10.0,0.05,hadamard_paired,reference_k32,18.650270417674907,2.2999904142569076,0.25862028109706614,0.027749285823382378,2048,65,2113
10.0,0.05,hadamard_paired,scgi_proxy,18.64288836241403,2.311331757322196,0.259111713752468,0.02831185994386595,2048,0,2048
10.0,0.05,hadamard_paired,none,18.63318116806672,2.3123652633436675,0.2596906054468973,0.028365385025476458,2048,0,2048
10.0,0.05,fourier_fourstep,reference_k2,18.225516082075604,2.015979033345953,0.28410893785078006,0.015617148262777082,2048,1025,3073
10.0,0.05,hadamard_paired,agc,17.765230181876134,2.3523567529110334,0.3174028852020267,0.0372215539399609,2048,0,2048
10.0,0.05,random_uniform,oracle,17.66761579523175,1.8096246233909352,0.32261946664164753,0.0030959655163873977,2048,0,2048
10.0,0.05,dct_paired,reference_k2,17.422808288943735,2.2547195529961983,0.34273854787146096,0.03294152609153217,2048,1025,3073
10.0,0.05,random_binary,oracle,17.340369786018815,1.8604922594731963,0.3478548371274893,0.0007360955751441379,2048,0,2048
10.0,0.05,fourier_fourstep,reference_k32,17.3039597150114,2.0255460904978873,0.35169689542877797,0.02643719331285048,2048,65,2113
10.0,0.05,fourier_fourstep,none,17.28395903095494,2.017036325003795,0.353159079152894,0.02412080176206557,2048,0,2048
10.0,0.05,fourier_fourstep,reference_k8,17.266401771494092,2.02532067876443,0.35455004041936267,0.023462974553527152,2048,257,2305
10.0,0.05,fourier_fourstep,scgi_proxy,17.131921231410004,2.0631673743835917,0.3658243954995971,0.02630487482049023,2048,0,2048
10.0,0.05,dct_paired,pairwise,16.690555885014383,2.2197928119195636,0.4054731553305948,0.03653571558499365,2048,0,2048
10.0,0.05,dct_paired,reference_k8,16.686970134622293,2.2299156842018504,0.40583500957703417,0.03689906499734041,2048,257,2305
10.0,0.05,dct_paired,reference_k32,16.68278867850586,2.2208017132278672,0.4062788087906751,0.0376290778878927,2048,65,2113
10.0,0.05,dct_paired,scgi_proxy,16.669888558193996,2.2158128131649897,0.40738666831245907,0.036446067419683786,2048,0,2048
10.0,0.05,dct_paired,none,16.66298406538609,2.215316881964597,0.4080169336961788,0.03632260343370979,2048,0,2048
10.0,0.05,fourier_fourstep,agc,16.60651315183383,2.1471360833588844,0.41320257688002915,0.03439399392332737,2048,0,2048
10.0,0.05,srht_paired,scgi_frozen,16.30654024360232,1.9786741412302544,0.4415879356980771,0.015390456284188753,2048,0,2048
10.0,0.05,random_binary,reference_k2,16.29241243205268,1.989585440392634,0.4430754105096796,0.01684559781012821,2048,1025,3073
10.0,0.05,random_binary,none,16.00697224542276,1.9940694491416198,0.47321687929351164,0.019291739459253568,2048,0,2048
10.0,0.05,random_binary,agc,15.987976315184378,1.9859979382705688,0.47527916265546377,0.019044919517566157,2048,0,2048
10.0,0.05,random_binary,scgi_proxy,15.98739873800235,1.9854928349663188,0.47534051579907155,0.018992315363560424,2048,0,2048
10.0,0.05,dct_paired,agc,15.732016674614133,2.263593804074196,0.505963925738574,0.04965999060498217,2048,0,2048
10.0,0.05,random_binary,reference_k8,15.66692410714246,2.021327279983676,0.5118820720806758,0.02394610487936712,2048,257,2305
10.0,0.05,random_binary,reference_k32,15.548607943701,2.020112188351912,0.526048933479857,0.02557007453869241,2048,65,2113
10.0,0.05,random_uniform,reference_k2,15.430984272522247,2.073544892075495,0.540715418473986,0.03076829215180714,2048,1025,3073
10.0,0.05,hadamard_paired,scgi_frozen,15.323065460893776,2.2588260677968983,0.5558442929952327,0.05359734411045906,2048,0,2048
10.0,0.05,random_uniform,none,15.109570807008458,2.065296482655682,0.5821884860696157,0.03168650309727837,2048,0,2048
10.0,0.05,random_uniform,scgi_proxy,15.092009527090351,2.0668991384964706,0.5845535137678407,0.03193866255587117,2048,0,2048
10.0,0.05,random_uniform,agc,15.091885374407218,2.0670297708263616,0.584571421065665,0.03196811827067494,2048,0,2048
10.0,0.05,random_uniform,reference_k8,14.712129419669594,2.0498229527572125,0.6378639792984002,0.03248343343547776,2048,257,2305
10.0,0.05,random_uniform,reference_k32,14.490575258500348,2.036117069017995,0.6711781638514933,0.03234955012101851,2048,65,2113
10.0,0.05,fourier_fourstep,scgi_frozen,13.793454968483905,1.985457289195352,0.7877783074906708,0.0314935988103294,2048,0,2048
10.0,0.05,dct_paired,scgi_frozen,13.506837365726685,2.003786865622146,0.8414390683530186,0.03142642876633595,2048,0,2048
10.0,0.05,random_binary,scgi_frozen,12.897175978641977,1.8472463544669013,0.9676471530442946,0.0015018544836432892,2048,0,2048
10.0,0.05,random_uniform,scgi_frozen,12.823973972035528,1.8325653135146147,0.9841029264075098,0.004322593061704431,2048,0,2048
10.0,0.1,hadamard_paired,oracle,120.0,0.0,7.246117050793931e-13,1.2453500433754907e-13,2048,0,2048
10.0,0.1,srht_paired,oracle,120.0,0.0,6.765013178417942e-13,8.413299601086065e-14,2048,0,2048
10.0,0.1,dct_paired,oracle,104.83834494411346,1.4294102640796165,6.215006870054258e-10,6.020921454685778e-11,2048,0,2048
10.0,0.1,fourier_fourstep,oracle,22.431459706838236,1.9673602623748,0.10775259314811939,0.002878895635722808,2048,0,2048
10.0,0.1,random_uniform,oracle,17.667615749858985,1.809624674285142,0.3226194699795505,0.0030959617680211596,2048,0,2048
10.0,0.1,random_binary,oracle,17.34036973940072,1.8604922911366213,0.3478548408662671,0.0007360981191948671,2048,0,2048
10.0,0.1,srht_paired,reference_k2,15.727664600730042,2.159990106599279,0.5056612426014224,0.039585539213811936,2048,1025,3073
10.0,0.1,hadamard_paired,reference_k2,15.670985561539002,2.147300282223375,0.5120843961933667,0.036751062079170296,2048,1025,3073
10.0,0.1,fourier_fourstep,reference_k2,15.329321616985805,1.9636924496263202,0.5532505074996317,0.025410951064650647,2048,1025,3073
10.0,0.1,srht_paired,pairwise,15.232296943643238,2.1221769253547205,0.5663181474851025,0.03762857504846293,2048,0,2048
10.0,0.1,srht_paired,agc,15.205233238018119,2.120765369007851,0.5698469354927085,0.03765692106614254,2048,0,2048
10.0,0.1,srht_paired,reference_k8,15.204490278391157,2.1233959268763454,0.5699377092349736,0.03753407402251557,2048,257,2305
10.0,0.1,srht_paired,scgi_proxy,15.204016071275555,2.1217109366212403,0.5700143799959283,0.037802551621149046,2048,0,2048
10.0,0.1,srht_paired,none,15.20290067581738,2.12138283009032,0.5701607094623863,0.0378146939134504,2048,0,2048
10.0,0.1,srht_paired,reference_k32,15.17830803882895,2.1215026845972673,0.5733971454857921,0.03801083093488511,2048,65,2113
10.0,0.1,hadamard_paired,pairwise,15.116472296912718,2.114037238718181,0.5815746685778184,0.037618668891198394,2048,0,2048
10.0,0.1,hadamard_paired,reference_k8,15.085228343734931,2.1055569820564775,0.5857196607223802,0.03695920597189301,2048,257,2305
10.0,0.1,hadamard_paired,reference_k32,15.073659636489609,2.10711561299498,0.5872855318085264,0.03713437600165317,2048,65,2113
10.0,0.1,hadamard_paired,scgi_proxy,15.073319021501046,2.1106769190436374,0.5873192944235546,0.03688217927392768,2048,0,2048
10.0,0.1,hadamard_paired,none,15.065160639891747,2.111587470564688,0.5884380666832253,0.03721753853588554,2048,0,2048
10.0,0.1,random_binary,reference_k2,14.880549050674215,2.029413729393188,0.613529878900286,0.029454890519553658,2048,1025,3073
10.0,0.1,hadamard_paired,agc,14.692731350372844,2.122251815798793,0.6411946928269465,0.04173409922607515,2048,0,2048
10.0,0.1,fourier_fourstep,reference_k32,14.675322163091883,1.9549451803032154,0.6436898519482075,0.039961849061331996,2048,65,2113
10.0,0.1,fourier_fourstep,none,14.656228057039735,1.9455734072600905,0.6463485803342298,0.03723104581869534,2048,0,2048
10.0,0.1,fourier_fourstep,reference_k8,14.634379356378542,1.9543970857443191,0.6494398822423146,0.033673191226428735,2048,257,2305
10.0,0.1,random_binary,none,14.533801726499135,1.9957791079511142,0.6643706035051558,0.028366858723643047,2048,0,2048
10.0,0.1,random_binary,agc,14.517634350413411,1.9935814253465933,0.6668573860138752,0.028715852614422232,2048,0,2048
10.0,0.1,random_binary,scgi_proxy,14.516708655291044,1.9936434697169172,0.6670056885241774,0.028874694406055744,2048,0,2048
10.0,0.1,fourier_fourstep,scgi_proxy,14.506306679629613,1.9541528555990026,0.6688664009267536,0.03466239345195987,2048,0,2048
10.0,0.1,srht_paired,scgi_frozen,14.452918276127766,1.9760403773506219,0.6766266331212334,0.022031544324211397,2048,0,2048
10.0,0.1,dct_paired,reference_k2,14.44637184635955,2.054805687957135,0.6781215442874158,0.03465853794872981,2048,1025,3073
10.0,0.1,random_binary,reference_k8,14.179321380940525,2.0016526861271804,0.7209899574398362,0.03357144120719657,2048,257,2305
10.0,0.1,fourier_fourstep,agc,14.144913953435154,1.9807760498396867,0.7268008389595204,0.03531450440975443,2048,0,2048
10.0,0.1,dct_paired,pairwise,14.125100621118838,2.0190488615393063,0.7299867333897814,0.032750659783821245,2048,0,2048
10.0,0.1,dct_paired,reference_k32,14.122558933178784,2.021898735796786,0.7304865379188097,0.03453677941503365,2048,65,2113
10.0,0.1,dct_paired,scgi_proxy,14.1096495024077,2.0167266264207195,0.7325676853494797,0.032315273695098214,2048,0,2048
10.0,0.1,dct_paired,reference_k8,14.107202942802965,2.0319122763107145,0.7330003943678987,0.032841634891279975,2048,257,2305
10.0,0.1,dct_paired,none,14.103189247220495,2.0162920727807276,0.7336579049815783,0.03241837339706235,2048,0,2048
10.0,0.1,random_binary,reference_k32,14.068513157559957,1.9701577446702676,0.7393331551828151,0.026889251311556072,2048,65,2113
10.0,0.1,random_uniform,reference_k2,13.891929049661774,2.0160320427484377,0.7703711017648758,0.03698041859353195,2048,1025,3073
10.0,0.1,hadamard_paired,scgi_frozen,13.796148907292586,2.1056907373817375,0.7880198899486285,0.04766290562761661,2048,0,2048
10.0,0.1,dct_paired,agc,13.743858907642082,2.0217373838196955,0.7968956626424675,0.033895715268306995,2048,0,2048
10.0,0.1,random_uniform,none,13.698504782485676,1.9837983464753393,0.8052055438696859,0.03238587106261134,2048,0,2048
10.0,0.1,random_uniform,agc,13.694447184081247,1.9840117738399687,0.8059534737013463,0.0323027281672879,2048,0,2048
10.0,0.1,random_uniform,scgi_proxy,13.694393868567781,1.984382308603686,0.8059669249119473,0.03238943339977566,2048,0,2048
10.0,0.1,random_uniform,reference_k8,13.481506390511393,1.9571881223421708,0.8462581262220604,0.028215015830505445,2048,257,2305
10.0,0.1,random_uniform,reference_k32,13.340503468524517,1.9372503923505773,0.8740447804704802,0.024051595856778463,2048,65,2113
10.0,0.1,fourier_fourstep,scgi_frozen,13.063194110662991,1.8972223550780574,0.9314758685879273,0.01583804698358168,2048,0,2048
10.0,0.1,dct_paired,scgi_frozen,12.967786981739732,1.902522826522322,0.9521125450503044,0.012357654971968588,2048,0,2048
10.0,0.1,random_binary,scgi_frozen,12.892546219584812,1.846495886652946,0.9686813425197751,0.002598853516251813,2048,0,2048
10.0,0.1,random_uniform,scgi_frozen,12.823446545720088,1.8327018060959908,0.9842232027465482,0.004510870676796953,2048,0,2048
10.0,0.15,hadamard_paired,oracle,120.0,0.0,7.433729125974006e-13,9.676223423019225e-14,2048,0,2048
10.0,0.15,srht_paired,oracle,120.0,0.0,6.696307685813658e-13,7.671598932437455e-14,2048,0,2048
10.0,0.15,dct_paired,oracle,104.83844155553959,1.4277195024679163,6.21508152842462e-10,6.045135464739112e-11,2048,0,2048
10.0,0.15,fourier_fourstep,oracle,22.431459803504833,1.9673604302723546,0.10775259084989741,0.0028788997373522,2048,0,2048
10.0,0.15,random_uniform,oracle,17.667615795869388,1.8096246556802784,0.32261946657356366,0.003095963117309864,2048,0,2048
10.0,0.15,random_binary,oracle,17.340369620927795,1.8604921066748001,0.3478548503274008,0.0007360833648176316,2048,0,2048
10.0,0.15,srht_paired,reference_k2,14.318390893664315,2.0416088688640635,0.6983824395093143,0.03537625361359093,2048,1025,3073
10.0,0.15,hadamard_paired,reference_k2,14.265090012318325,2.031207484885909,0.7068241662997738,0.03143443832960115,2048,1025,3073
10.0,0.15,fourier_fourstep,reference_k2,14.130102304659772,1.9145329489605567,0.7288674872142247,0.02460489709837897,2048,1025,3073
10.0,0.15,srht_paired,pairwise,14.055561338636394,2.013223991448745,0.7416863357662923,0.03115282089242522,2048,0,2048
10.0,0.15,srht_paired,agc,14.029163449180007,2.011324762309145,0.7461978785848273,0.031045382182913923,2048,0,2048
10.0,0.15,random_binary,reference_k2,14.02853048096203,1.9901971889567172,0.7462701806396284,0.029771888262635618,2048,1025,3073
10.0,0.15,srht_paired,scgi_proxy,14.02821098730882,2.0115567749858485,0.746363710040096,0.031114103340106555,2048,0,2048
10.0,0.15,srht_paired,none,14.026911305168507,2.0112925862194064,0.7465876686850683,0.031142385235375578,2048,0,2048
10.0,0.15,srht_paired,reference_k8,14.022847273075328,2.0132938484100795,0.7472596855384877,0.030434552258564677,2048,257,2305
10.0,0.15,srht_paired,reference_k32,14.000660984881284,2.010812691642605,0.7511125654196797,0.03130822674937348,2048,65,2113
10.0,0.15,hadamard_paired,pairwise,13.956270877758033,2.0027586087355647,0.7587582357509746,0.029529762443266404,2048,0,2048
10.0,0.15,hadamard_paired,scgi_proxy,13.911385352448473,1.9999761245267618,0.7665841465611726,0.02816996738922489,2048,0,2048
10.0,0.15,hadamard_paired,reference_k8,13.910197471945153,1.9980451926165412,0.7668263042326534,0.029147692251543907,2048,257,2305
10.0,0.15,hadamard_paired,none,13.905778744636041,2.000555444049418,0.767594936178391,0.028830472283845658,2048,0,2048
10.0,0.15,hadamard_paired,reference_k32,13.904297126505332,2.0006244082736817,0.7678769189247397,0.02945063544966131,2048,65,2113
10.0,0.15,random_binary,none,13.77228398140818,1.9474965480651996,0.7914549685260589,0.026548307314945167,2048,0,2048
10.0,0.15,random_binary,agc,13.760212657193748,1.9469415781696389,0.7936660707040788,0.026907162932749973,2048,0,2048
10.0,0.15,random_binary,scgi_proxy,13.759269577211338,1.9468709226901062,0.7938465197374376,0.027174688717667858,2048,0,2048
10.0,0.15,fourier_fourstep,reference_k32,13.745061394882265,1.909812955394493,0.7969064607058997,0.03894801517398319,2048,65,2113
10.0,0.15,fourier_fourstep,none,13.736427572089173,1.900179850088315,0.798337075746101,0.03579861665708337,2048,0,2048
10.0,0.15,hadamard_paired,agc,13.711445085243861,2.0016569226841714,0.8027076117895076,0.029701637777179032,2048,0,2048
10.0,0.15,fourier_fourstep,reference_k8,13.70950338143923,1.9099285702392752,0.8031503924599983,0.03172017541093567,2048,257,2305
10.0,0.15,srht_paired,scgi_frozen,13.685153963684428,1.938754160172934,0.8073023752937571,0.019797272081601522,2048,0,2048
10.0,0.15,fourier_fourstep,scgi_proxy,13.643330487383517,1.9017476320228617,0.815437323194469,0.031135761433703172,2048,0,2048
10.0,0.15,dct_paired,reference_k2,13.573372168387476,1.9641857526039226,0.8284858007068665,0.02567155643202529,2048,1025,3073
10.0,0.15,random_binary,reference_k8,13.522825193031892,1.9469782467338832,0.8382818022578273,0.02914842186146509,2048,257,2305
10.0,0.15,random_binary,reference_k32,13.449243615635632,1.9145108039627314,0.8523651574123672,0.020710118206133197,2048,65,2113
10.0,0.15,fourier_fourstep,agc,13.441281680536054,1.914717834891725,0.8541268405136069,0.028140633699010063,2048,0,2048
10.0,0.15,dct_paired,pairwise,13.420933342310102,1.9392566422306834,0.8579770428187677,0.02260536107001459,2048,0,2048
10.0,0.15,dct_paired,reference_k32,13.417831133484563,1.9421582750076305,0.8586237975324045,0.023995815020023386,2048,65,2113
10.0,0.15,dct_paired,scgi_proxy,13.408101114065479,1.9378701397145037,0.8604960083652387,0.02178728961804471,2048,0,2048
10.0,0.15,dct_paired,none,13.402860228095312,1.9373809957244637,0.8615391585973537,0.02203136517170686,2048,0,2048
10.0,0.15,dct_paired,reference_k8,13.398999442234711,1.9508375009991359,0.8623010962752646,0.021831927160709346,2048,257,2305
10.0,0.15,random_uniform,reference_k2,13.324070286146355,1.952473927757943,0.8775379294299039,0.03033061476970748,2048,1025,3073
10.0,0.15,hadamard_paired,scgi_frozen,13.26511441233895,1.995279881455179,0.8895206981534983,0.030693952227063292,2048,0,2048
10.0,0.15,random_uniform,agc,13.228718990092228,1.92707295032123,0.8968573797982012,0.025518029604804197,2048,0,2048
10.0,0.15,random_uniform,scgi_proxy,13.228680070966462,1.9277422430372544,0.8968707098214791,0.025710827843475875,2048,0,2048
10.0,0.15,random_uniform,none,13.22845022556658,1.927057162647627,0.8969185951799892,0.02573084458084387,2048,0,2048
10.0,0.15,dct_paired,agc,13.226462556335145,1.9368284909981002,0.8971965398444969,0.020278274961181723,2048,0,2048
10.0,0.15,random_uniform,reference_k8,13.114441249009753,1.9098332354256429,0.9206440470073535,0.020899447337295353,2048,257,2305
10.0,0.15,random_uniform,reference_k32,13.025526850202931,1.895066991471333,0.9396108045727238,0.017253860391593306,2048,65,2113
10.0,0.15,fourier_fourstep,scgi_frozen,12.898298269220266,1.8726588602268064,0.9674383423876438,0.009511453421683195,2048,0,2048
10.0,0.15,random_binary,scgi_frozen,12.885682374972898,1.8458848994482682,0.9702165179724421,0.0036403241624009476,2048,0,2048
10.0,0.15,dct_paired,scgi_frozen,12.85088948435288,1.875670499344186,0.9780329931280207,0.006381075633359887,2048,0,2048
10.0,0.15,random_uniform,scgi_frozen,12.821659098421051,1.8333214394019974,0.9846291498011128,0.004699542490380592,2048,0,2048
10.0,0.3,hadamard_paired,oracle,120.0,0.0,7.47321918930074e-13,8.42600647897002e-14,2048,0,2048
10.0,0.3,srht_paired,oracle,120.0,0.0,6.774896064426448e-13,5.736411468928121e-14,2048,0,2048
10.0,0.3,dct_paired,oracle,104.83767263970849,1.4267823788103273,6.216301511341481e-10,6.05989675537828e-11,2048,0,2048
10.0,0.3,fourier_fourstep,oracle,22.431459660828672,1.9673602621522588,0.10775259428952762,0.002878895660701494,2048,0,2048
10.0,0.3,random_uniform,oracle,17.6676158605269,1.8096247049648693,0.3226194617388035,0.003095959410062482,2048,0,2048
10.0,0.3,random_binary,oracle,17.34036972319446,1.8604922648817097,0.34785484216032747,0.0007360960190230004,2048,0,2048
10.0,0.3,srht_paired,reference_k2,13.168501330037623,1.910335569519558,0.9091915956463966,0.017415255549545244,2048,1025,3073
10.0,0.3,srht_paired,pairwise,13.139807061480699,1.9044013842835799,0.9151924973642626,0.01591938522596393,2048,0,2048
10.0,0.3,hadamard_paired,reference_k2,13.134711469795585,1.9056365851032409,0.9162287761550921,0.013255498629096736,2048,1025,3073
10.0,0.3,random_binary,reference_k2,13.128144638130815,1.8976347976866261,0.9176862851205394,0.017894858962921145,2048,1025,3073
10.0,0.3,fourier_fourstep,reference_k2,13.116907165561638,1.862971200489478,0.9200231584033945,0.015497106646069157,2048,1025,3073
10.0,0.3,srht_paired,agc,13.112748200273188,1.900629213642585,0.9209020229813829,0.015328841434814203,2048,0,2048
10.0,0.3,srht_paired,scgi_proxy,13.112342019408516,1.9004005017588925,0.9209885622902529,0.01535757383081857,2048,0,2048
10.0,0.3,srht_paired,none,13.110946446873134,1.900203218744903,0.9212848194518927,0.015380579684807445,2048,0,2048
10.0,0.3,srht_paired,reference_k8,13.101416719329043,1.901260116113152,0.923281617283279,0.013508302003696765,2048,257,2305
10.0,0.3,srht_paired,reference_k32,13.084513859192958,1.8987898546470083,0.9269067762027664,0.015320389438109724,2048,65,2113
10.0,0.3,hadamard_paired,pairwise,13.081631817237994,1.8964635042983602,0.9274900526950292,0.012969298759682526,2048,0,2048
10.0,0.3,random_binary,none,13.054452038517548,1.8755637126112357,0.9333573335207364,0.01621180120659945,2048,0,2048
10.0,0.3,random_binary,agc,13.049566826261236,1.8760423516536888,0.9344047784207546,0.01603683417632201,2048,0,2048
10.0,0.3,random_binary,scgi_proxy,13.048776290150204,1.875698724123029,0.9345802133771819,0.01638394972972088,2048,0,2048
10.0,0.3,hadamard_paired,scgi_proxy,13.03921701536386,1.8942779994417764,0.9365631345071508,0.010504594959406846,2048,0,2048
10.0,0.3,hadamard_paired,none,13.037728304066459,1.8942371587849243,0.9368955543065031,0.01157620895244352,2048,0,2048
10.0,0.3,srht_paired,scgi_frozen,13.031396659508511,1.8842911462934628,0.9382749206882904,0.01263882468083217,2048,0,2048
10.0,0.3,fourier_fourstep,none,13.02906810314363,1.8610358876184543,0.938948790695209,0.022712551418827262,2048,0,2048
10.0,0.3,hadamard_paired,reference_k8,13.02577551666736,1.8948931200090273,0.9394864099344741,0.012356363928117878,2048,257,2305
10.0,0.3,hadamard_paired,reference_k32,13.023365958551286,1.8981897914551247,0.9400159012510579,0.013042574694227939,2048,65,2113
10.0,0.3,fourier_fourstep,reference_k32,13.021729217643568,1.8713545788381598,0.9406628983008793,0.027650295610223904,2048,65,2113
10.0,0.3,fourier_fourstep,reference_k8,13.000011181474719,1.8708296486745724,0.945209735655143,0.02067444061060937,2048,257,2305
10.0,0.3,fourier_fourstep,scgi_proxy,12.997603829853606,1.860957157080052,0.9457078120550516,0.019436740669560325,2048,0,2048
10.0,0.3,hadamard_paired,agc,12.990608933687113,1.8926701964629236,0.9471001213623713,0.01018922447591194,2048,0,2048
10.0,0.3,random_binary,reference_k8,12.962160736042236,1.8769435675206108,0.9533741523493081,0.014496732607268881,2048,257,2305
10.0,0.3,dct_paired,reference_k2,12.955196610110685,1.886851491207586,0.9548830071538121,0.012864619776444897,2048,1025,3073
10.0,0.3,fourier_fourstep,agc,12.945481674520362,1.8653013636990488,0.9570717827672818,0.01647568244969956,2048,0,2048
10.0,0.3,random_binary,reference_k32,12.93972451036051,1.8590614318779466,0.9582628015493089,0.010371176857950538,2048,65,2113
10.0,0.3,dct_paired,pairwise,12.934454622488474,1.8759086359615447,0.9594243822679015,0.010207115891626784,2048,0,2048
10.0,0.3,dct_paired,reference_k32,12.929026932493906,1.878376639592796,0.9606278970988706,0.0105860535445748,2048,65,2113
10.0,0.3,dct_paired,scgi_proxy,12.924510614547057,1.8753742821392014,0.9616095788755488,0.008621516726529395,2048,0,2048
10.0,0.3,dct_paired,none,12.921046477953922,1.8749757988834175,0.9623789308154436,0.008882556590900897,2048,0,2048
10.0,0.3,dct_paired,reference_k8,12.912609729834376,1.8837078457713285,0.9642451462136045,0.008250715846144289,2048,257,2305
10.0,0.3,random_uniform,reference_k2,12.89246140129091,1.8861155956025883,0.9688142692149222,0.01576123926033512,2048,1025,3073
10.0,0.3,random_uniform,scgi_proxy,12.883903414276011,1.876744081124214,0.9707027088477156,0.014233244329045826,2048,0,2048
10.0,0.3,random_uniform,agc,12.883570343969648,1.8755424930167512,0.9707720498552949,0.013852595585912113,2048,0,2048
10.0,0.3,random_uniform,none,12.88182989390501,1.8759964814530268,0.9711651884741407,0.01416090724457766,2048,0,2048
10.0,0.3,dct_paired,agc,12.879085164217006,1.8740121067663127,0.9717083257799356,0.007054045218420604,2048,0,2048
10.0,0.3,hadamard_paired,scgi_frozen,12.873109476091267,1.891199728505113,0.9730644806616754,0.009441547401639832,2048,0,2048
10.0,0.3,random_binary,scgi_frozen,12.85737985608299,1.8450646946470302,0.9765688842639804,0.005725313811778848,2048,0,2048
10.0,0.3,random_uniform,reference_k8,12.852035441549202,1.8704199864764688,0.9778092534246994,0.010694587743919771,2048,257,2305
10.0,0.3,random_uniform,reference_k32,12.818090076453192,1.8643879334789415,0.9854650759691342,0.008917844307331618,2048,65,2113
10.0,0.3,random_uniform,scgi_frozen,12.811034262716129,1.8373153002333742,0.9870422770796227,0.00501215025849591,2048,0,2048
10.0,0.3,fourier_fourstep,scgi_frozen,12.792679165883175,1.8568391052461253,0.9912189020718403,0.00409434390020596,2048,0,2048
10.0,0.3,dct_paired,scgi_frozen,12.777881815542042,1.8577315647468722,0.9945963880126604,0.0021452160438940678,2048,0,2048
10.0,0.5,hadamard_paired,oracle,120.0,0.0,7.378636075504421e-13,9.891462316200763e-14,2048,0,2048
10.0,0.5,srht_paired,oracle,120.0,0.0,6.827129843023197e-13,6.408601308158263e-14,2048,0,2048
10.0,0.5,dct_paired,oracle,104.83742091729023,1.4292340280623606,6.216355477514559e-10,6.025213145689601e-11,2048,0,2048
10.0,0.5,fourier_fourstep,oracle,22.431459630416512,1.967360333418949,0.10775259508660066,0.0028788974490756222,2048,0,2048
10.0,0.5,random_uniform,oracle,17.66761579917553,1.809624668914201,0.32261946631947347,0.003095962131869458,2048,0,2048
10.0,0.5,random_binary,oracle,17.340369761377683,1.8604922429328588,0.3478548390986354,0.0007360942545100049,2048,0,2048
10.0,0.5,srht_paired,pairwise,12.907908506608312,1.872657209963202,0.9652975198192768,0.009232826687352263,2048,0,2048
10.0,0.5,srht_paired,agc,12.880785429567581,1.86768205121864,0.9713364968553888,0.008243145094969465,2048,0,2048
10.0,0.5,srht_paired,scgi_proxy,12.88024870613799,1.867199036521739,0.9714566641392928,0.008258394150705079,2048,0,2048
10.0,0.5,srht_paired,none,12.878876671960422,1.8669450280752322,0.9717636092212473,0.008258939395835696,2048,0,2048
10.0,0.5,srht_paired,reference_k2,12.877481353656815,1.8699059730637908,0.9720781444608617,0.008564816021463317,2048,1025,3073
10.0,0.5,hadamard_paired,pairwise,12.873715985545136,1.8678418434190371,0.9729094613509744,0.0069074364650458285,2048,0,2048
10.0,0.5,srht_paired,reference_k8,12.868617068872783,1.8678712083545923,0.974047643562642,0.006136758045878569,2048,257,2305
10.0,0.5,random_binary,reference_k2,12.867379532508801,1.8622216331936083,0.9743462003943861,0.009115704577887294,2048,1025,3073
10.0,0.5,fourier_fourstep,reference_k2,12.864302754531035,1.8517567815287737,0.9750355406074334,0.008989896705957755,2048,1025,3073
10.0,0.5,random_binary,none,12.859681520704124,1.8545622526869856,0.9760758222531809,0.009256379323022573,2048,0,2048
10.0,0.5,hadamard_paired,reference_k2,12.859020155753479,1.86795561979938,0.9761963430331668,0.00495605323293999,2048,1025,3073
10.0,0.5,random_binary,agc,12.857729282511404,1.8551686693369653,0.9765118132172674,0.008915081976525487,2048,0,2048
10.0,0.5,random_binary,scgi_proxy,12.857116257616605,1.8548871606429547,0.9766519595948093,0.009193330493006526,2048,0,2048
10.0,0.5,fourier_fourstep,none,12.857021130389715,1.8539454478176476,0.9767243902101888,0.013952809806643708,2048,0,2048
10.0,0.5,srht_paired,reference_k32,12.856077771577693,1.865643347094644,0.9768780389059263,0.008246338793864808,2048,65,2113
10.0,0.5,srht_paired,scgi_frozen,12.85499407309793,1.863306503820275,0.977123191902819,0.008417204154143666,2048,0,2048
10.0,0.5,fourier_fourstep,reference_k32,12.847581781092249,1.865069848351153,0.9789487631471578,0.020073667054491363,2048,65,2113
10.0,0.5,fourier_fourstep,scgi_proxy,12.843055318656344,1.85380844664851,0.9798534617507478,0.01260039337367431,2048,0,2048
10.0,0.5,hadamard_paired,none,12.836705646817004,1.8655391527029925,0.9812254833714895,0.00507393358189957,2048,0,2048
10.0,0.5,hadamard_paired,scgi_proxy,12.836585751792422,1.86593331453773,0.9812483410255277,0.004065932422385249,2048,0,2048
10.0,0.5,fourier_fourstep,reference_k8,12.833428413290003,1.8623385633587533,0.9820400797471169,0.013572695876682724,2048,257,2305
10.0,0.5,fourier_fourstep,agc,12.82931921695573,1.8547505628815426,0.982941169931409,0.01114526993706919,2048,0,2048
10.0,0.5,hadamard_paired,agc,12.82514058139924,1.8648505320539885,0.9838361768779551,0.003651970786677189,2048,0,2048
10.0,0.5,hadamard_paired,reference_k8,12.823393113533347,1.8662352995089893,0.9842404094035524,0.005600095832919383,2048,257,2305
10.0,0.5,hadamard_paired,reference_k32,12.822744631387327,1.8690970713860189,0.9843945419743962,0.00685560925407058,2048,65,2113
10.0,0.5,dct_paired,pairwise,12.822458466161237,1.8603766629120853,0.9844532756560639,0.005810183504767318,2048,0,2048
10.0,0.5,random_binary,reference_k8,12.819796779408458,1.856007688030754,0.9850611945141594,0.006591600814901162,2048,257,2305
10.0,0.5,random_binary,scgi_frozen,12.819080090408836,1.8457055984220487,0.9852197716848629,0.005886897723785581,2048,0,2048
10.0,0.5,dct_paired,reference_k32,12.817951809212435,1.8629066246737214,0.9854813678669092,0.00684132738796356,2048,65,2113
10.0,0.5,dct_paired,reference_k2,12.816681014848522,1.8670509624462845,0.9857767718505277,0.00787383750590099,2048,1025,3073
10.0,0.5,dct_paired,scgi_proxy,12.814074106325645,1.85982928274544,0.9863467393525218,0.0037828530291745825,2048,0,2048
10.0,0.5,random_binary,reference_k32,12.81404812562858,1.8471150194542216,0.9863600016342596,0.005515729982373747,2048,65,2113
10.0,0.5,dct_paired,none,12.811226586478686,1.8597171061415674,0.986994561983835,0.004037215722900996,2048,0,2048
10.0,0.5,dct_paired,reference_k8,12.804865503917288,1.865323343582053,0.9884413447947058,0.004063252629164352,2048,257,2305
10.0,0.5,random_uniform,scgi_proxy,12.801449968488257,1.8635993947872505,0.989242187529489,0.008191592577816102,2048,0,2048
10.0,0.5,dct_paired,agc,12.80061038310348,1.8592913399906759,0.9894075350472484,0.003244962586867785,2048,0,2048
10.0,0.5,random_uniform,agc,12.800539852356811,1.8619727860838227,0.9894454136048644,0.007631111010805505,2048,0,2048
10.0,0.5,random_uniform,none,12.799840465326994,1.8629916009942145,0.9896079517118833,0.008071477026919818,2048,0,2048
10.0,0.5,random_uniform,reference_k2,12.794511165936989,1.8665180782964028,0.9908217499950615,0.007891800365789608,2048,1025,3073
10.0,0.5,random_uniform,scgi_frozen,12.793591573973709,1.8441853006671693,0.9910126460774553,0.004599359589887418,2048,0,2048
10.0,0.5,random_uniform,reference_k8,12.788896170028943,1.860252648153836,0.9920922170528576,0.006134061603788374,2048,257,2305
10.0,0.5,hadamard_paired,scgi_frozen,12.785857137774697,1.8638814344453496,0.992774698445227,0.0033770819304217072,2048,0,2048
10.0,0.5,random_uniform,reference_k32,12.77548819554914,1.858525950194499,0.9951550363640849,0.0052255149486874685,2048,65,2113
10.0,0.5,fourier_fourstep,scgi_frozen,12.769064273782888,1.8536276776869092,0.9966182091560241,0.002357102519078087,2048,0,2048
10.0,0.5,dct_paired,scgi_frozen,12.762123911694779,1.8536749137585549,0.9982101626626255,0.0010777733107761689,2048,0,2048
